{
  "NORM": 0.563699003120671,
  "MI": 0.05695586186992594,
  "STTC": 0.29921216546673524,
  "CD": 0.33809972125628035,
  "HYP": 0.12393804439569832
}